"Algorithm","Hash","Path"
"SHA256","B6C83EB743481F90C5B9362A34C0E42CD5611EC0E370A356C66125C0BBFF848E","C:\Users\User\cloudsen12_pure_c\qat\deployment\v9\approved_pure_c\corrected_25patch_validation.json"
"SHA256","A8D09D1A6B16473839882421CEB9330D1E72FF3C2A6F10F24EEF5C842BC1FBA8","C:\Users\User\cloudsen12_pure_c\qat\deployment\v9\approved_pure_c\corrected_int8_manifest.json"
"SHA256","8EA09D1EC79C0AE3EB3C8FE3E1BDE6A82EF5198C4B54398976052FF34D352875","C:\Users\User\cloudsen12_pure_c\qat\deployment\v9\approved_pure_c\pure_c_gate_decision.json"
"SHA256","ADF7E580DEED1AA8A1599DFE087D6B8EEBD8DBA64CAE7D9FAE2FD5E11FF43A76","C:\Users\User\cloudsen12_pure_c\qat\deployment\v9\approved_pure_c\biases_int32\conv_000_encoder.features.0.0.bin"
"SHA256","F275E143AA8F1DB4A4692887EA8824D254C5A1468997238C927BB9AE6BDB4F18","C:\Users\User\cloudsen12_pure_c\qat\deployment\v9\approved_pure_c\biases_int32\conv_001_encoder.features.1.conv.0.0.bin"
"SHA256","9A975E2A3DD528DE73B24EECC3DE3E35BF4BFA609D299383E6E594D3A504CF17","C:\Users\User\cloudsen12_pure_c\qat\deployment\v9\approved_pure_c\biases_int32\conv_002_encoder.features.1.conv.1.bin"
"SHA256","E3FA0294AC28AE3A6D2064B376627DB32579F790A901AE81B57C7759DEC6C1B1","C:\Users\User\cloudsen12_pure_c\qat\deployment\v9\approved_pure_c\biases_int32\conv_003_encoder.features.2.conv.0.0.bin"
"SHA256","F680380FFA7382531E847CFDDCD05EDDC926FBD0C9EE20C604EDDDE486B3103B","C:\Users\User\cloudsen12_pure_c\qat\deployment\v9\approved_pure_c\biases_int32\conv_004_encoder.features.2.conv.1.0.bin"
"SHA256","113E4E55FFB2D4D5EEF7B3986AEA2AFC93ADA38C2C8F3E17B50F33009938532E","C:\Users\User\cloudsen12_pure_c\qat\deployment\v9\approved_pure_c\biases_int32\conv_005_encoder.features.2.conv.2.bin"
"SHA256","1C407FECF08DAECE2D37BA49579BA072406F7D4CACC766D562B31E8F0C1575C6","C:\Users\User\cloudsen12_pure_c\qat\deployment\v9\approved_pure_c\biases_int32\conv_006_encoder.features.3.conv.0.0.bin"
"SHA256","055A916C5430A1C34503DB6262318F5653D980E9F189C3EA80C332D7A7942597","C:\Users\User\cloudsen12_pure_c\qat\deployment\v9\approved_pure_c\biases_int32\conv_007_encoder.features.3.conv.1.0.bin"
"SHA256","EE48F93368EEE870FE575FFE8649862020D2A20B235300B73E8C3A82884A1394","C:\Users\User\cloudsen12_pure_c\qat\deployment\v9\approved_pure_c\biases_int32\conv_008_encoder.features.3.conv.2.bin"
"SHA256","C5F0C1191620F8B1B4466C971979AC7B2A2483EF97FAC791D4C0D07B37C90B11","C:\Users\User\cloudsen12_pure_c\qat\deployment\v9\approved_pure_c\biases_int32\conv_009_encoder.features.4.conv.0.0.bin"
"SHA256","355178BD7948662FE32AE50AD3776801D27A7084075CD402A03FC276727BCA1E","C:\Users\User\cloudsen12_pure_c\qat\deployment\v9\approved_pure_c\biases_int32\conv_010_encoder.features.4.conv.1.0.bin"
"SHA256","BFCAE803C3A599FE0F5A5015DC19E5FE9F456D9CDAFA3A61130B72DB303DE06B","C:\Users\User\cloudsen12_pure_c\qat\deployment\v9\approved_pure_c\biases_int32\conv_011_encoder.features.4.conv.2.bin"
"SHA256","28FEFCB1045946DB92B5DF4EED54F8163A2C6E4E65102507A96FA23FEFCEDA3C","C:\Users\User\cloudsen12_pure_c\qat\deployment\v9\approved_pure_c\biases_int32\conv_012_encoder.features.5.conv.0.0.bin"
"SHA256","F340A6CED69FECB4C954E76B777776D0BE3B4E22BA6B2AED0CCDCBD896CC17EF","C:\Users\User\cloudsen12_pure_c\qat\deployment\v9\approved_pure_c\biases_int32\conv_013_encoder.features.5.conv.1.0.bin"
"SHA256","524D7820694988100D57D09AC7194B03CBA4D140F67E346F5D8B5899A982A19C","C:\Users\User\cloudsen12_pure_c\qat\deployment\v9\approved_pure_c\biases_int32\conv_014_encoder.features.5.conv.2.bin"
"SHA256","DE48057E075F03446CAB4B36A077C81BF7F82B65211B141BFFC2076827CF2036","C:\Users\User\cloudsen12_pure_c\qat\deployment\v9\approved_pure_c\biases_int32\conv_015_encoder.features.6.conv.0.0.bin"
"SHA256","2CB6D2631B7ACDA0162EBC17C87B7C874BED810185AD15C42E6EEA4B525564F7","C:\Users\User\cloudsen12_pure_c\qat\deployment\v9\approved_pure_c\biases_int32\conv_016_encoder.features.6.conv.1.0.bin"
"SHA256","359F25A3C6AAB759F2553D2AE4542E29F33F3A2D475559A39047A08BAC64D6FB","C:\Users\User\cloudsen12_pure_c\qat\deployment\v9\approved_pure_c\biases_int32\conv_017_encoder.features.6.conv.2.bin"
"SHA256","D08CD14BDBCA491F16F95B3DE60DD5391DF0FF43EFA56ABA5880FCB316B47F57","C:\Users\User\cloudsen12_pure_c\qat\deployment\v9\approved_pure_c\biases_int32\conv_018_encoder.features.7.conv.0.0.bin"
"SHA256","C46897FA43122318DC74FFC5641B4D2E366634CA2E6E222AF8A6FB6233DD1FC7","C:\Users\User\cloudsen12_pure_c\qat\deployment\v9\approved_pure_c\biases_int32\conv_019_encoder.features.7.conv.1.0.bin"
"SHA256","B61B6FB9D124FEBE954B80D28387D0748DB0531FAFB11E08DE53DA992982113C","C:\Users\User\cloudsen12_pure_c\qat\deployment\v9\approved_pure_c\biases_int32\conv_020_encoder.features.7.conv.2.bin"
"SHA256","CB3CA5B919A7C5CDA5EBCD5D35097B3CA0988BBBACD50ABFA534C61A638CA909","C:\Users\User\cloudsen12_pure_c\qat\deployment\v9\approved_pure_c\biases_int32\conv_021_encoder.features.8.conv.0.0.bin"
"SHA256","BD19D7FC7DD57428D54CE711BCF1F656CA77AB2C195EDB6CE929744E23384347","C:\Users\User\cloudsen12_pure_c\qat\deployment\v9\approved_pure_c\biases_int32\conv_022_encoder.features.8.conv.1.0.bin"
"SHA256","5689D4E591FC36E6611FE31254E73E68CB2153C3FD731A7300E7DE9F3DA74C72","C:\Users\User\cloudsen12_pure_c\qat\deployment\v9\approved_pure_c\biases_int32\conv_023_encoder.features.8.conv.2.bin"
"SHA256","4AC83D4A99028917844C36068931D985058513D6DD021BFE8694B1B892E7653B","C:\Users\User\cloudsen12_pure_c\qat\deployment\v9\approved_pure_c\biases_int32\conv_024_encoder.features.9.conv.0.0.bin"
"SHA256","4B5205F889C2F0B60FEFFA33E106CEAB6BBA1539B60B517D62B9FF5648A11382","C:\Users\User\cloudsen12_pure_c\qat\deployment\v9\approved_pure_c\biases_int32\conv_025_encoder.features.9.conv.1.0.bin"
"SHA256","59537C7BF37256C2ABFFECCB0C3936EFC668D4EBAE51476F13AB46BFF7D146FB","C:\Users\User\cloudsen12_pure_c\qat\deployment\v9\approved_pure_c\biases_int32\conv_026_encoder.features.9.conv.2.bin"
"SHA256","85B0E51BE3AD7028CD784F6A56C9E533F3DF138167BE0A9A8BEC52EC50C7E806","C:\Users\User\cloudsen12_pure_c\qat\deployment\v9\approved_pure_c\biases_int32\conv_027_encoder.features.10.conv.0.0.bin"
"SHA256","A9D93D5788A99DA0F47612950EA8CFC51807C4DA36E7FEE278BA9489825CFA1A","C:\Users\User\cloudsen12_pure_c\qat\deployment\v9\approved_pure_c\biases_int32\conv_028_encoder.features.10.conv.1.0.bin"
"SHA256","E3DB3B33559BB2C3BD56653DADD06FAABA1ADDFA7BC2D2F79C9AB58FAEB1EBB2","C:\Users\User\cloudsen12_pure_c\qat\deployment\v9\approved_pure_c\biases_int32\conv_029_encoder.features.10.conv.2.bin"
"SHA256","1A19C2B7AD3E385F43BA8C7923B71F8858C05A0E1178B6F26BFDB1264AF87583","C:\Users\User\cloudsen12_pure_c\qat\deployment\v9\approved_pure_c\biases_int32\conv_030_encoder.features.11.conv.0.0.bin"
"SHA256","1CD7B91CFF07FB55A8E006E466BCB84DCB27B6C4F96E930EB9BEED330F161CC6","C:\Users\User\cloudsen12_pure_c\qat\deployment\v9\approved_pure_c\biases_int32\conv_031_encoder.features.11.conv.1.0.bin"
"SHA256","7E3EB0F326CE56BCCEFA9B4479851C4806A62DCFDF7DEFE4A8C4A2119C47B3B3","C:\Users\User\cloudsen12_pure_c\qat\deployment\v9\approved_pure_c\biases_int32\conv_032_encoder.features.11.conv.2.bin"
"SHA256","B0CDD48EBD30CD519FF40F125FBDFD9CBB3F130EA156C02F3E6D2107F6C1840F","C:\Users\User\cloudsen12_pure_c\qat\deployment\v9\approved_pure_c\biases_int32\conv_033_encoder.features.12.conv.0.0.bin"
"SHA256","0F5D348E0985320F34BF7FBC9A411421DE9158AD8FFB85EA3220D6242335AF7F","C:\Users\User\cloudsen12_pure_c\qat\deployment\v9\approved_pure_c\biases_int32\conv_034_encoder.features.12.conv.1.0.bin"
"SHA256","1520294B48F14EDDFCFA8ED1883BCFFEB669747230BAA0BD961C2A33A721CEA6","C:\Users\User\cloudsen12_pure_c\qat\deployment\v9\approved_pure_c\biases_int32\conv_035_encoder.features.12.conv.2.bin"
"SHA256","7E0BE99F837146D1EBA3E411E97CFDEAB394E18B8AB5C2F6F8DD5BE330277CAD","C:\Users\User\cloudsen12_pure_c\qat\deployment\v9\approved_pure_c\biases_int32\conv_036_encoder.features.13.conv.0.0.bin"
"SHA256","E0BA867ADACDCA27C7C33CDEAB295C12EEB5D02B4E232B49FFA541E3DF9C4E8D","C:\Users\User\cloudsen12_pure_c\qat\deployment\v9\approved_pure_c\biases_int32\conv_037_encoder.features.13.conv.1.0.bin"
"SHA256","24CA563C2AAEC5D67C402FD6FD1EDB25EB3B916D3D6AD075FD6D1471CEDC8268","C:\Users\User\cloudsen12_pure_c\qat\deployment\v9\approved_pure_c\biases_int32\conv_038_encoder.features.13.conv.2.bin"
"SHA256","4777C4B59365B727FDB66DC72CEA5EB403E0786F72CC509E4608503651143CFE","C:\Users\User\cloudsen12_pure_c\qat\deployment\v9\approved_pure_c\biases_int32\conv_039_encoder.features.14.conv.0.0.bin"
"SHA256","9791252D1A9C18DED496B7E5A6E60573EAA653543125C8E8BAF05A988DF291A3","C:\Users\User\cloudsen12_pure_c\qat\deployment\v9\approved_pure_c\biases_int32\conv_040_encoder.features.14.conv.1.0.bin"
"SHA256","8DE7372C7FE52594E1AA2922B4F4016C2316BAA6BF309AC81BC799A5EC74FECC","C:\Users\User\cloudsen12_pure_c\qat\deployment\v9\approved_pure_c\biases_int32\conv_041_encoder.features.14.conv.2.bin"
"SHA256","8BE26C42BC18650917FB357A17D5F698B4A54E6D305752CEBBDE2D438BD43459","C:\Users\User\cloudsen12_pure_c\qat\deployment\v9\approved_pure_c\biases_int32\conv_042_encoder.features.15.conv.0.0.bin"
"SHA256","9F285425076EDB4D83B2ABC435A8FB64445829DA31D53826B4EE2CC515194D26","C:\Users\User\cloudsen12_pure_c\qat\deployment\v9\approved_pure_c\biases_int32\conv_043_encoder.features.15.conv.1.0.bin"
"SHA256","0CE22928E56B5133C6050DE0C181822914F63DEC7926D4580E902802384319A9","C:\Users\User\cloudsen12_pure_c\qat\deployment\v9\approved_pure_c\biases_int32\conv_044_encoder.features.15.conv.2.bin"
"SHA256","8746DBF9336FF12E02288D287E311ABF421D0F80ED28C9A444915CE773D0678A","C:\Users\User\cloudsen12_pure_c\qat\deployment\v9\approved_pure_c\biases_int32\conv_045_encoder.features.16.conv.0.0.bin"
"SHA256","55E25EBF3445372974A0F5EA7A0DE62286D1DE0344EF00688F6512369906DA89","C:\Users\User\cloudsen12_pure_c\qat\deployment\v9\approved_pure_c\biases_int32\conv_046_encoder.features.16.conv.1.0.bin"
"SHA256","78B85293D4BF8DDC587C3A0F2DEA3F67CAC966D95D16C76943A636CD79594ABB","C:\Users\User\cloudsen12_pure_c\qat\deployment\v9\approved_pure_c\biases_int32\conv_047_encoder.features.16.conv.2.bin"
"SHA256","BF053D5879C0C2587B3222CA93E4F29FE4FEFE91E757A2BC304E375A65B2E32C","C:\Users\User\cloudsen12_pure_c\qat\deployment\v9\approved_pure_c\biases_int32\conv_048_encoder.features.17.conv.0.0.bin"
"SHA256","A7C5CF573D458A07D339D3FB1A6B09A886843E89C77230D4FB55AD01C6BAD75F","C:\Users\User\cloudsen12_pure_c\qat\deployment\v9\approved_pure_c\biases_int32\conv_049_encoder.features.17.conv.1.0.bin"
"SHA256","E70992F40CDEC9ACAB7BA379BF9CC154EE5846CB559CCF0D28A26987B6B13BA4","C:\Users\User\cloudsen12_pure_c\qat\deployment\v9\approved_pure_c\biases_int32\conv_050_encoder.features.17.conv.2.bin"
"SHA256","46FAF6729539D6B1F96862399C3D79A577EA69A0C583CE8183530406EAB8B466","C:\Users\User\cloudsen12_pure_c\qat\deployment\v9\approved_pure_c\biases_int32\conv_051_encoder.features.18.0.bin"
"SHA256","E680269745966062CAC127ECF30BA069418206B5BC612C4E5940A3692579A15D","C:\Users\User\cloudsen12_pure_c\qat\deployment\v9\approved_pure_c\biases_int32\conv_052_decoder.blocks.0.conv1.0.bin"
"SHA256","6B030E1D3F428A28FE36372AC8CE8E24DFFC410758A29170E04D53919550DC59","C:\Users\User\cloudsen12_pure_c\qat\deployment\v9\approved_pure_c\biases_int32\conv_053_decoder.blocks.0.conv2.0.bin"
"SHA256","B59C49337BB5B84BEEEE50D67AA9650DCAAB225EE55A7A6E56CE4D3BBD09A3C1","C:\Users\User\cloudsen12_pure_c\qat\deployment\v9\approved_pure_c\biases_int32\conv_054_decoder.blocks.1.conv1.0.bin"
"SHA256","F5EDD8C0E06DF486D91AC1B92B2DE5F4FB79CDE28D5545BEDB95CC6CE92BAA16","C:\Users\User\cloudsen12_pure_c\qat\deployment\v9\approved_pure_c\biases_int32\conv_055_decoder.blocks.1.conv2.0.bin"
"SHA256","298FE6BA8B4B217D3B10A5643BF3A42D86DAA859E89738A6795158B2789BBE30","C:\Users\User\cloudsen12_pure_c\qat\deployment\v9\approved_pure_c\biases_int32\conv_056_decoder.blocks.2.conv1.0.bin"
"SHA256","671C5F1D485AC833539BB845DEBBCC25FF123E311779640EBBE31B4FC197B423","C:\Users\User\cloudsen12_pure_c\qat\deployment\v9\approved_pure_c\biases_int32\conv_057_decoder.blocks.2.conv2.0.bin"
"SHA256","4D3CFB5CF64217A9B08573DDD677555EEA3341ADB65B9507B21814A91996C1CC","C:\Users\User\cloudsen12_pure_c\qat\deployment\v9\approved_pure_c\biases_int32\conv_058_decoder.blocks.3.conv1.0.bin"
"SHA256","A87EB6808F562583CAF7042C2455D2B0378AB954DC186766869618191265E2E1","C:\Users\User\cloudsen12_pure_c\qat\deployment\v9\approved_pure_c\biases_int32\conv_059_decoder.blocks.3.conv2.0.bin"
"SHA256","709B2289EAD2259ED3D28573DFA1ABFBBFE8C7E66A0E5CEA7361A0B8C05E86BE","C:\Users\User\cloudsen12_pure_c\qat\deployment\v9\approved_pure_c\biases_int32\conv_060_decoder.blocks.4.conv1.0.bin"
"SHA256","14E9003FE78165C5B304CAD245A194CDEF5D501C6ABA0C988DC122740B4C07EF","C:\Users\User\cloudsen12_pure_c\qat\deployment\v9\approved_pure_c\biases_int32\conv_061_decoder.blocks.4.conv2.0.bin"
"SHA256","09AC4A7785174494675076EB248C0B67751F4C80194CA2A979A70184EFE4D057","C:\Users\User\cloudsen12_pure_c\qat\deployment\v9\approved_pure_c\biases_int32\conv_062_segmentation_head.0.bin"
"SHA256","B71063843B9B0CA3D9B5AF1C8D0BAA5B49C8A072AD0DB73E3FC6782C9B0F8AF8","C:\Users\User\cloudsen12_pure_c\qat\deployment\v9\approved_pure_c\fixed_point\conv_000_encoder.features.0.0_multipliers.bin"
"SHA256","E223FA4B9842BDF9E7EDDC2094ED709090E6F5EF54580E5B360868075568940E","C:\Users\User\cloudsen12_pure_c\qat\deployment\v9\approved_pure_c\fixed_point\conv_000_encoder.features.0.0_shifts.bin"
"SHA256","64B1D106387F07DE670CA9B9D227F1C6AF9DCC8EC8E0CC5E367720CAF169AE42","C:\Users\User\cloudsen12_pure_c\qat\deployment\v9\approved_pure_c\fixed_point\conv_001_encoder.features.1.conv.0.0_multipliers.bin"
"SHA256","74B69489C63898309BF9DD5D4B2900525D59315B8379CA6B29582FE24386D87E","C:\Users\User\cloudsen12_pure_c\qat\deployment\v9\approved_pure_c\fixed_point\conv_001_encoder.features.1.conv.0.0_shifts.bin"
"SHA256","FC4BA16C4192A67BCB336A8A63485C08F0DC0AD85290E553F845A7D3326F080D","C:\Users\User\cloudsen12_pure_c\qat\deployment\v9\approved_pure_c\fixed_point\conv_002_encoder.features.1.conv.1_multipliers.bin"
"SHA256","E44756238FE2E87CCC2F5AF9EFC8A609C7AF213298115B650DF5B88CD46BBCCF","C:\Users\User\cloudsen12_pure_c\qat\deployment\v9\approved_pure_c\fixed_point\conv_002_encoder.features.1.conv.1_shifts.bin"
"SHA256","8A44A3A33725B77EC9F1CA8105C5AFFA203EACC743372E95EE9B6CEE011FF091","C:\Users\User\cloudsen12_pure_c\qat\deployment\v9\approved_pure_c\fixed_point\conv_003_encoder.features.2.conv.0.0_multipliers.bin"
"SHA256","EB7FF86AF44C5CC640EB7D863515BD3014F30A2394300418F7EF1A6325EC39C6","C:\Users\User\cloudsen12_pure_c\qat\deployment\v9\approved_pure_c\fixed_point\conv_003_encoder.features.2.conv.0.0_shifts.bin"
"SHA256","19C5CE99C97F10CBF3DC9B3587AF9F7E749054E08FDBBD2B92B825CBDA3C9ADD","C:\Users\User\cloudsen12_pure_c\qat\deployment\v9\approved_pure_c\fixed_point\conv_004_encoder.features.2.conv.1.0_multipliers.bin"
"SHA256","A391DF7F291DA91A9434B1739BC391CF062E0F763A3164B1ED14C7503D458BC3","C:\Users\User\cloudsen12_pure_c\qat\deployment\v9\approved_pure_c\fixed_point\conv_004_encoder.features.2.conv.1.0_shifts.bin"
"SHA256","311B2D544B77156A2F72F15F876DF8026640CF6294650D5078957B1D048E7664","C:\Users\User\cloudsen12_pure_c\qat\deployment\v9\approved_pure_c\fixed_point\conv_005_encoder.features.2.conv.2_multipliers.bin"
"SHA256","B3A786DDF3CAC89509C20488C099B1A673A18AD921B46CD01EAEE4CAB5D2CB1B","C:\Users\User\cloudsen12_pure_c\qat\deployment\v9\approved_pure_c\fixed_point\conv_005_encoder.features.2.conv.2_shifts.bin"
"SHA256","17978103F513422DCDE1D86568B3880C281BFD577E44B977D1B8B910171CF5EA","C:\Users\User\cloudsen12_pure_c\qat\deployment\v9\approved_pure_c\fixed_point\conv_006_encoder.features.3.conv.0.0_multipliers.bin"
"SHA256","A7782DE1B5D64B6B89364DF41AE3D65BBD7CC6F5C7322F922E2EF34EA8D9F87C","C:\Users\User\cloudsen12_pure_c\qat\deployment\v9\approved_pure_c\fixed_point\conv_006_encoder.features.3.conv.0.0_shifts.bin"
"SHA256","3FDA443EB4BD4924501031FB40715FC09694FEA2E3D2D5CEF80BFB7201F91C4B","C:\Users\User\cloudsen12_pure_c\qat\deployment\v9\approved_pure_c\fixed_point\conv_007_encoder.features.3.conv.1.0_multipliers.bin"
"SHA256","AE9949020FB406C11669D9947723D52748CC830D721D734038EF993CE93FC60F","C:\Users\User\cloudsen12_pure_c\qat\deployment\v9\approved_pure_c\fixed_point\conv_007_encoder.features.3.conv.1.0_shifts.bin"
"SHA256","F93950D5BD326A5BDEFFCEF1E07F173325349CC260468318CD7EABBC10B17842","C:\Users\User\cloudsen12_pure_c\qat\deployment\v9\approved_pure_c\fixed_point\conv_008_encoder.features.3.conv.2_multipliers.bin"
"SHA256","511FD6E027BF994828B9E2B6102712E683BED1D0CE57CC2E9EC5EA27AD83240A","C:\Users\User\cloudsen12_pure_c\qat\deployment\v9\approved_pure_c\fixed_point\conv_008_encoder.features.3.conv.2_shifts.bin"
"SHA256","591078F8682A0FFC8C304592F69D78E4218359175FDDFB0306A002D249889261","C:\Users\User\cloudsen12_pure_c\qat\deployment\v9\approved_pure_c\fixed_point\conv_009_encoder.features.4.conv.0.0_multipliers.bin"
"SHA256","5013C05DFF9B81565BA2B5CF093FE23D3433385B0CF7AD35E41A8E0FF09AE89D","C:\Users\User\cloudsen12_pure_c\qat\deployment\v9\approved_pure_c\fixed_point\conv_009_encoder.features.4.conv.0.0_shifts.bin"
"SHA256","6D9B22D7560ADFBC369B03C652904E8C3DB4D221F0F7486AA952F9FD2936A566","C:\Users\User\cloudsen12_pure_c\qat\deployment\v9\approved_pure_c\fixed_point\conv_010_encoder.features.4.conv.1.0_multipliers.bin"
"SHA256","26B95EB9C8199520AB0312DAFEC30BB7CE436425E7A001F91F0E7A85568CCD92","C:\Users\User\cloudsen12_pure_c\qat\deployment\v9\approved_pure_c\fixed_point\conv_010_encoder.features.4.conv.1.0_shifts.bin"
"SHA256","C9AD41BA6E256860D56FAE6A1533182678FCB6EE148A10ABD2C82F82F11ACB14","C:\Users\User\cloudsen12_pure_c\qat\deployment\v9\approved_pure_c\fixed_point\conv_011_encoder.features.4.conv.2_multipliers.bin"
"SHA256","3BD0223837A0CD9D6BA12A88364FB6E7E29F724024BCAD458E40FF60480DB176","C:\Users\User\cloudsen12_pure_c\qat\deployment\v9\approved_pure_c\fixed_point\conv_011_encoder.features.4.conv.2_shifts.bin"
"SHA256","85A36AC3B9E192FD9502107C29D6C8C549F0E96C6DE50CA7FCF0F28DA09BE851","C:\Users\User\cloudsen12_pure_c\qat\deployment\v9\approved_pure_c\fixed_point\conv_012_encoder.features.5.conv.0.0_multipliers.bin"
"SHA256","A7037468C5EA1F57F8A4CAEB3E60822D3707E1C095224DEC9246F6B278804A91","C:\Users\User\cloudsen12_pure_c\qat\deployment\v9\approved_pure_c\fixed_point\conv_012_encoder.features.5.conv.0.0_shifts.bin"
"SHA256","D52C4A87A4B40CFAB5360996A6D0C78C5037E53F7BC1CD71B108E0FD324987B9","C:\Users\User\cloudsen12_pure_c\qat\deployment\v9\approved_pure_c\fixed_point\conv_013_encoder.features.5.conv.1.0_multipliers.bin"
"SHA256","C020E6C107E7B7F21216B441C0505F3DCEC66EA6B93B6D1539B0D62B2E8C2DD1","C:\Users\User\cloudsen12_pure_c\qat\deployment\v9\approved_pure_c\fixed_point\conv_013_encoder.features.5.conv.1.0_shifts.bin"
"SHA256","2DDBE7D17DEE2F47D2AE21355757B64AB8D999B054C2E8A01961C1158218EDEF","C:\Users\User\cloudsen12_pure_c\qat\deployment\v9\approved_pure_c\fixed_point\conv_014_encoder.features.5.conv.2_multipliers.bin"
"SHA256","D23FDEE5A3DBD59B468090D2A57D996C5604B9362D7ABB641277773BB4E73C26","C:\Users\User\cloudsen12_pure_c\qat\deployment\v9\approved_pure_c\fixed_point\conv_014_encoder.features.5.conv.2_shifts.bin"
"SHA256","FBA100DA71434B9A2E73DDC47FB0BEF2235F620A91EA73CA1D6DAF5595ED4C08","C:\Users\User\cloudsen12_pure_c\qat\deployment\v9\approved_pure_c\fixed_point\conv_015_encoder.features.6.conv.0.0_multipliers.bin"
"SHA256","1920F88E9A54395EFC2E7064CEE645913308BEC462304FA51055569B7FC118FD","C:\Users\User\cloudsen12_pure_c\qat\deployment\v9\approved_pure_c\fixed_point\conv_015_encoder.features.6.conv.0.0_shifts.bin"
"SHA256","63ED36338FBC3D7B9CDD067D622764176D3F3F760F5E67603A2FC5AE80B36B67","C:\Users\User\cloudsen12_pure_c\qat\deployment\v9\approved_pure_c\fixed_point\conv_016_encoder.features.6.conv.1.0_multipliers.bin"
"SHA256","505FA3764EFC4FCA8EE042857B35D6C426BED4408BBFE8DFBA71BFB2C7250553","C:\Users\User\cloudsen12_pure_c\qat\deployment\v9\approved_pure_c\fixed_point\conv_016_encoder.features.6.conv.1.0_shifts.bin"
"SHA256","639740D69F9C3BB1706343859CB71602BB598A855129B4D2A66BC59617BD51A6","C:\Users\User\cloudsen12_pure_c\qat\deployment\v9\approved_pure_c\fixed_point\conv_017_encoder.features.6.conv.2_multipliers.bin"
"SHA256","9F935C63D8FADAC37237AECBBBE2140095B68B07099FE0605153A546CE53F426","C:\Users\User\cloudsen12_pure_c\qat\deployment\v9\approved_pure_c\fixed_point\conv_017_encoder.features.6.conv.2_shifts.bin"
"SHA256","EE7B5701EC94D85950E610D1A8505B6A98F500654631E1DA00E377056B47B433","C:\Users\User\cloudsen12_pure_c\qat\deployment\v9\approved_pure_c\fixed_point\conv_018_encoder.features.7.conv.0.0_multipliers.bin"
"SHA256","DF50AF01ACEE77E71689C9B86591D5B5B40C099C73FC64B0FB451FAF19DE748E","C:\Users\User\cloudsen12_pure_c\qat\deployment\v9\approved_pure_c\fixed_point\conv_018_encoder.features.7.conv.0.0_shifts.bin"
"SHA256","8FD3863B42F463AB6BF9CD6CFF8AC544A5A7DB0BB56400227E10E9674616A715","C:\Users\User\cloudsen12_pure_c\qat\deployment\v9\approved_pure_c\fixed_point\conv_019_encoder.features.7.conv.1.0_multipliers.bin"
"SHA256","8A1B88DD65B8824A2138B62719A73697B9497810500DEF54DD88DD1CE9C2C687","C:\Users\User\cloudsen12_pure_c\qat\deployment\v9\approved_pure_c\fixed_point\conv_019_encoder.features.7.conv.1.0_shifts.bin"
"SHA256","8E2CF91F5DB8D05B28FBBCD1020F63A8B0F68C66257B790B2258EAAEEBCBF336","C:\Users\User\cloudsen12_pure_c\qat\deployment\v9\approved_pure_c\fixed_point\conv_020_encoder.features.7.conv.2_multipliers.bin"
"SHA256","BC4DA80778030A26477E9B03692C6458E500E4A37AD688F33B1EEB650793E0BE","C:\Users\User\cloudsen12_pure_c\qat\deployment\v9\approved_pure_c\fixed_point\conv_020_encoder.features.7.conv.2_shifts.bin"
"SHA256","069142E55E13E3DB2DAB41284FD5EF957CE083D49BD60CF8DF5AEE4F7AA81FA8","C:\Users\User\cloudsen12_pure_c\qat\deployment\v9\approved_pure_c\fixed_point\conv_021_encoder.features.8.conv.0.0_multipliers.bin"
"SHA256","70D4F03FBA595A2DB6EE74B65378EED5A661DF32FA53BA3125491BAC27D7FDCF","C:\Users\User\cloudsen12_pure_c\qat\deployment\v9\approved_pure_c\fixed_point\conv_021_encoder.features.8.conv.0.0_shifts.bin"
"SHA256","1FC6EEC491215CEB927FD07653F2C6AF33C6C3CA51C865AAA206928321B367DA","C:\Users\User\cloudsen12_pure_c\qat\deployment\v9\approved_pure_c\fixed_point\conv_022_encoder.features.8.conv.1.0_multipliers.bin"
"SHA256","6BBD7BF9E816D59E1B15AF077E6A7F8261B788C2516801CC3D1046CAEDD00D84","C:\Users\User\cloudsen12_pure_c\qat\deployment\v9\approved_pure_c\fixed_point\conv_022_encoder.features.8.conv.1.0_shifts.bin"
"SHA256","2A55248F171E708127AFC22A69D694FE21D97D894B62DA1FA85BC50745598489","C:\Users\User\cloudsen12_pure_c\qat\deployment\v9\approved_pure_c\fixed_point\conv_023_encoder.features.8.conv.2_multipliers.bin"
"SHA256","97714125AEBC358F8C7E40667D3CFD219BBDCF1759CE23A443557E3460B973BF","C:\Users\User\cloudsen12_pure_c\qat\deployment\v9\approved_pure_c\fixed_point\conv_023_encoder.features.8.conv.2_shifts.bin"
"SHA256","19F207F94F0B17740B687F4AC32B2430BA63A926190CB117D9243B1DA9B40015","C:\Users\User\cloudsen12_pure_c\qat\deployment\v9\approved_pure_c\fixed_point\conv_024_encoder.features.9.conv.0.0_multipliers.bin"
"SHA256","C34293372C5541CEA62697EBD131782BE252819BD743F9BF5E5DCFD4128C091B","C:\Users\User\cloudsen12_pure_c\qat\deployment\v9\approved_pure_c\fixed_point\conv_024_encoder.features.9.conv.0.0_shifts.bin"
"SHA256","17B05E159215A2969D4928DEB1F6789308FC9AC50948C194D4BF7FEAE9BBA049","C:\Users\User\cloudsen12_pure_c\qat\deployment\v9\approved_pure_c\fixed_point\conv_025_encoder.features.9.conv.1.0_multipliers.bin"
"SHA256","94EDCF098B3F1E2CAD1D4A74D434898606298BCFFC9B513B39A560BA11D1353D","C:\Users\User\cloudsen12_pure_c\qat\deployment\v9\approved_pure_c\fixed_point\conv_025_encoder.features.9.conv.1.0_shifts.bin"
"SHA256","ED3A2166EE2B8AC75189B1EF4B83C4FBDE36D05DBCF66562E520AAA1B9EB93B2","C:\Users\User\cloudsen12_pure_c\qat\deployment\v9\approved_pure_c\fixed_point\conv_026_encoder.features.9.conv.2_multipliers.bin"
"SHA256","C2D1DD61A6AA89A4960FB5BA8144FDFDBE37AF2358689D332861A2BDD6CCF204","C:\Users\User\cloudsen12_pure_c\qat\deployment\v9\approved_pure_c\fixed_point\conv_026_encoder.features.9.conv.2_shifts.bin"
"SHA256","10854EC526FB2FD4B1F366A8BA9D135F87EBB8463EE1E51C86CD8244EA8FAD51","C:\Users\User\cloudsen12_pure_c\qat\deployment\v9\approved_pure_c\fixed_point\conv_027_encoder.features.10.conv.0.0_multipliers.bin"
"SHA256","591CDFBC29BCCBC6DF9AE0E662D0C78C1A05C23CAB501CB35AB0EEF05A3B9879","C:\Users\User\cloudsen12_pure_c\qat\deployment\v9\approved_pure_c\fixed_point\conv_027_encoder.features.10.conv.0.0_shifts.bin"
"SHA256","CC21EB03376852A88E2718DA2DFFD18395408606BB18D0B8227E2C8143649D46","C:\Users\User\cloudsen12_pure_c\qat\deployment\v9\approved_pure_c\fixed_point\conv_028_encoder.features.10.conv.1.0_multipliers.bin"
"SHA256","F97BF821FA75054FBFCFFDD440FBCB1652E745A451D0BBE0BD0FBCDBF50C2179","C:\Users\User\cloudsen12_pure_c\qat\deployment\v9\approved_pure_c\fixed_point\conv_028_encoder.features.10.conv.1.0_shifts.bin"
"SHA256","4BB5B7B30C80A44473E94DFF8E73CCE12B5CBF10BAE7E7CBCE6990FED6D549FE","C:\Users\User\cloudsen12_pure_c\qat\deployment\v9\approved_pure_c\fixed_point\conv_029_encoder.features.10.conv.2_multipliers.bin"
"SHA256","BAF659DB41A396F7CC9378AE7BEC50F6D25298C778849374F81280ABC98D09C3","C:\Users\User\cloudsen12_pure_c\qat\deployment\v9\approved_pure_c\fixed_point\conv_029_encoder.features.10.conv.2_shifts.bin"
"SHA256","61B14C9E206E1DCC08D478B91D03614DCAA276258F52C2353D905F7B78EC69EB","C:\Users\User\cloudsen12_pure_c\qat\deployment\v9\approved_pure_c\fixed_point\conv_030_encoder.features.11.conv.0.0_multipliers.bin"
"SHA256","D9DA6D28DFF87CEF53DCA60726E7029777B4A56E5A92330D4DD1DC150424CFF5","C:\Users\User\cloudsen12_pure_c\qat\deployment\v9\approved_pure_c\fixed_point\conv_030_encoder.features.11.conv.0.0_shifts.bin"
"SHA256","44FD066739D405456E64DFE67BEA5F97AD9FB09BAEB2A754FAF3D8571526BD96","C:\Users\User\cloudsen12_pure_c\qat\deployment\v9\approved_pure_c\fixed_point\conv_031_encoder.features.11.conv.1.0_multipliers.bin"
"SHA256","D415AF5ACB0BE7E8DEAAAEDDE0AACF9275B6B657696115BFF57D8AF7EED59A67","C:\Users\User\cloudsen12_pure_c\qat\deployment\v9\approved_pure_c\fixed_point\conv_031_encoder.features.11.conv.1.0_shifts.bin"
"SHA256","89F20AEF8BBDD4AE4E1CE53FE623BB541E30C0FB99108A5403E3256CB6D9A825","C:\Users\User\cloudsen12_pure_c\qat\deployment\v9\approved_pure_c\fixed_point\conv_032_encoder.features.11.conv.2_multipliers.bin"
"SHA256","76C9CB53EDF663BAE235719F13006ECD2A94B191D420D5E94B769D749AC3ADBA","C:\Users\User\cloudsen12_pure_c\qat\deployment\v9\approved_pure_c\fixed_point\conv_032_encoder.features.11.conv.2_shifts.bin"
"SHA256","991ECFDEEE79585C1181759A1BF9CAC8FB94712C4FFBF0C5BA7A008115536FC1","C:\Users\User\cloudsen12_pure_c\qat\deployment\v9\approved_pure_c\fixed_point\conv_033_encoder.features.12.conv.0.0_multipliers.bin"
"SHA256","18A1BE26D08DAF79A7C5DA365C8CF8A08E7A627F4468690B26D2CB091D46BFE3","C:\Users\User\cloudsen12_pure_c\qat\deployment\v9\approved_pure_c\fixed_point\conv_033_encoder.features.12.conv.0.0_shifts.bin"
"SHA256","177370B37ADFD83F0C66703D0135C61F3D4F7CEF4A59DDC2050D66B8E1D0B8C5","C:\Users\User\cloudsen12_pure_c\qat\deployment\v9\approved_pure_c\fixed_point\conv_034_encoder.features.12.conv.1.0_multipliers.bin"
"SHA256","A284A7F640FAF6186DD4AA71F6489B36E9A4C5744C98403908A66B2E55699980","C:\Users\User\cloudsen12_pure_c\qat\deployment\v9\approved_pure_c\fixed_point\conv_034_encoder.features.12.conv.1.0_shifts.bin"
"SHA256","D96A198828B1275B679DC563DB891528FF43A824444EDEBBA48BF8D74CB20B21","C:\Users\User\cloudsen12_pure_c\qat\deployment\v9\approved_pure_c\fixed_point\conv_035_encoder.features.12.conv.2_multipliers.bin"
"SHA256","7876566384EE3C7CB4486262398C66F5B2908792F4ABAA6193B5BE9E5D560FA0","C:\Users\User\cloudsen12_pure_c\qat\deployment\v9\approved_pure_c\fixed_point\conv_035_encoder.features.12.conv.2_shifts.bin"
"SHA256","E016897C0D15B849BB5E01A0BB6E6E7F5408C664CBC5970975A32BAECC382E19","C:\Users\User\cloudsen12_pure_c\qat\deployment\v9\approved_pure_c\fixed_point\conv_036_encoder.features.13.conv.0.0_multipliers.bin"
"SHA256","EB5D94A12890BF38B2D688933E8BBACC7B6690C082785D63382CD2A98DDCC4B1","C:\Users\User\cloudsen12_pure_c\qat\deployment\v9\approved_pure_c\fixed_point\conv_036_encoder.features.13.conv.0.0_shifts.bin"
"SHA256","2B74488769DBD201D39E9A5EE6F64DE0F4ACFD6CE7AA5899910FFA27EDFE20DB","C:\Users\User\cloudsen12_pure_c\qat\deployment\v9\approved_pure_c\fixed_point\conv_037_encoder.features.13.conv.1.0_multipliers.bin"
"SHA256","FC88C5F13A191EA1B910CABAB3F239F4764D4A4614E7578AF56F7F22ED6C403A","C:\Users\User\cloudsen12_pure_c\qat\deployment\v9\approved_pure_c\fixed_point\conv_037_encoder.features.13.conv.1.0_shifts.bin"
"SHA256","CED0A3CF7C78F23FD1C7EA1853005E920CF5CD63392877CA10725FDE54406755","C:\Users\User\cloudsen12_pure_c\qat\deployment\v9\approved_pure_c\fixed_point\conv_038_encoder.features.13.conv.2_multipliers.bin"
"SHA256","E25F0CF19641B496D6A84F9F28F9403692E4E28C9F8374FABD44F9A5D74F1A88","C:\Users\User\cloudsen12_pure_c\qat\deployment\v9\approved_pure_c\fixed_point\conv_038_encoder.features.13.conv.2_shifts.bin"
"SHA256","E81DA01D1830B3EC9D51A944F5FB7A91D500BF4E2BE0C307805F1F6E094B5916","C:\Users\User\cloudsen12_pure_c\qat\deployment\v9\approved_pure_c\fixed_point\conv_039_encoder.features.14.conv.0.0_multipliers.bin"
"SHA256","F2D0BABB30E13EB109891FFA5B0095B02CA3EF445BE4CC1206B7B3A14210896B","C:\Users\User\cloudsen12_pure_c\qat\deployment\v9\approved_pure_c\fixed_point\conv_039_encoder.features.14.conv.0.0_shifts.bin"
"SHA256","ADD925F4141C322F6E2F98DF277E71B35B24D7669D63666D817A9066994AFE22","C:\Users\User\cloudsen12_pure_c\qat\deployment\v9\approved_pure_c\fixed_point\conv_040_encoder.features.14.conv.1.0_multipliers.bin"
"SHA256","5DE1E7259F22D6C7DC80B13F50880752D11EEEE7576A5AD9B2CFCC9DEBF27C69","C:\Users\User\cloudsen12_pure_c\qat\deployment\v9\approved_pure_c\fixed_point\conv_040_encoder.features.14.conv.1.0_shifts.bin"
"SHA256","BE8DE9FB7C2B9C5DCF8B26C60F1D6B7CC05983CCF7714F34826C8DD76B3DC9C0","C:\Users\User\cloudsen12_pure_c\qat\deployment\v9\approved_pure_c\fixed_point\conv_041_encoder.features.14.conv.2_multipliers.bin"
"SHA256","EDD73B317FF9697A833C04FAAE86ED82AFBD52C915F1218189D53E8E2B45B0F9","C:\Users\User\cloudsen12_pure_c\qat\deployment\v9\approved_pure_c\fixed_point\conv_041_encoder.features.14.conv.2_shifts.bin"
"SHA256","E6FC8994CCB54D7CAD34F0FC6DD329532DF4BD7168B033B196F44CBEF8110A2A","C:\Users\User\cloudsen12_pure_c\qat\deployment\v9\approved_pure_c\fixed_point\conv_042_encoder.features.15.conv.0.0_multipliers.bin"
"SHA256","92BBD2EC9699E2088226046AE948C53BA8DC4B4B5EE9FD9585AE76045344F683","C:\Users\User\cloudsen12_pure_c\qat\deployment\v9\approved_pure_c\fixed_point\conv_042_encoder.features.15.conv.0.0_shifts.bin"
"SHA256","5C31F2255C86EF406853E4797F04DD373E1B44353AD9FA3064FD0B483A2BABDA","C:\Users\User\cloudsen12_pure_c\qat\deployment\v9\approved_pure_c\fixed_point\conv_043_encoder.features.15.conv.1.0_multipliers.bin"
"SHA256","D7FD096634700830FFD75BD55B0164A3C7645AB1A69840F56251B9AA45C615B9","C:\Users\User\cloudsen12_pure_c\qat\deployment\v9\approved_pure_c\fixed_point\conv_043_encoder.features.15.conv.1.0_shifts.bin"
"SHA256","7ACB6290D727585081A274502A9E7952FF85D7CD457ED54121FEEE938DACFAF1","C:\Users\User\cloudsen12_pure_c\qat\deployment\v9\approved_pure_c\fixed_point\conv_044_encoder.features.15.conv.2_multipliers.bin"
"SHA256","2A09453F51283289314369A19D38AD3C2D9482A7FC9AC59D83A9AF73BA0A37DC","C:\Users\User\cloudsen12_pure_c\qat\deployment\v9\approved_pure_c\fixed_point\conv_044_encoder.features.15.conv.2_shifts.bin"
"SHA256","547A79C23AFBB7261031CE04446C00A403035CD500B48C8429CD5F89EF2CC3FF","C:\Users\User\cloudsen12_pure_c\qat\deployment\v9\approved_pure_c\fixed_point\conv_045_encoder.features.16.conv.0.0_multipliers.bin"
"SHA256","00B214194B584C9D2FB9E108FEDFB6DCF2650AD1C7C563CA24031A6C198BBE30","C:\Users\User\cloudsen12_pure_c\qat\deployment\v9\approved_pure_c\fixed_point\conv_045_encoder.features.16.conv.0.0_shifts.bin"
"SHA256","95F63425AABE937600066A8A4F47A214CD603DB12E8795D46DD5242E2B839332","C:\Users\User\cloudsen12_pure_c\qat\deployment\v9\approved_pure_c\fixed_point\conv_046_encoder.features.16.conv.1.0_multipliers.bin"
"SHA256","F1063D586079B47B354231D3F883918FCA838DD4131C8930CD7DA7CB8AD6AC76","C:\Users\User\cloudsen12_pure_c\qat\deployment\v9\approved_pure_c\fixed_point\conv_046_encoder.features.16.conv.1.0_shifts.bin"
"SHA256","7B24FBE69A9A28A00C1C231ACBDB5210976D5C7C8C066C1DA8B7548B2A51EC93","C:\Users\User\cloudsen12_pure_c\qat\deployment\v9\approved_pure_c\fixed_point\conv_047_encoder.features.16.conv.2_multipliers.bin"
"SHA256","909F5BCBE8E215192CA9C7C771A916E7388D6216D2B09A394A94686B99F5FAE4","C:\Users\User\cloudsen12_pure_c\qat\deployment\v9\approved_pure_c\fixed_point\conv_047_encoder.features.16.conv.2_shifts.bin"
"SHA256","76D586ECA19495292E2ADB4D2E5ACBED345F2BBAB02412CE240E105EB85585E0","C:\Users\User\cloudsen12_pure_c\qat\deployment\v9\approved_pure_c\fixed_point\conv_048_encoder.features.17.conv.0.0_multipliers.bin"
"SHA256","E881CB754447FE3A2E2AC0C148D4D91093B764E277DA36E198B89250A8693993","C:\Users\User\cloudsen12_pure_c\qat\deployment\v9\approved_pure_c\fixed_point\conv_048_encoder.features.17.conv.0.0_shifts.bin"
"SHA256","220CE3E9EA3B790F1CE6DC416330701E2A747F6C9E28929E3784D8965D71B886","C:\Users\User\cloudsen12_pure_c\qat\deployment\v9\approved_pure_c\fixed_point\conv_049_encoder.features.17.conv.1.0_multipliers.bin"
"SHA256","99235B27149B25F9C4BF1C2631EC9F408A6CB851331639C9FE547869F5B087C5","C:\Users\User\cloudsen12_pure_c\qat\deployment\v9\approved_pure_c\fixed_point\conv_049_encoder.features.17.conv.1.0_shifts.bin"
"SHA256","5B1656A58560042007417F1CA733D2359809783CF53513A60528EF650850A971","C:\Users\User\cloudsen12_pure_c\qat\deployment\v9\approved_pure_c\fixed_point\conv_050_encoder.features.17.conv.2_multipliers.bin"
"SHA256","7096DCA776CEAE75A47CD5A6F07DE9CA7F3EC0417959F6484D8DD485009B5016","C:\Users\User\cloudsen12_pure_c\qat\deployment\v9\approved_pure_c\fixed_point\conv_050_encoder.features.17.conv.2_shifts.bin"
"SHA256","6AB95723BC9BD9B22025F56D808147092691DA783C06406F44347F85B33BEC3E","C:\Users\User\cloudsen12_pure_c\qat\deployment\v9\approved_pure_c\fixed_point\conv_051_encoder.features.18.0_multipliers.bin"
"SHA256","19D361751D575E50EAFFE38D700AC983439149D3C026EA507504F2C4303FFAE7","C:\Users\User\cloudsen12_pure_c\qat\deployment\v9\approved_pure_c\fixed_point\conv_051_encoder.features.18.0_shifts.bin"
"SHA256","E1942BD30B2EB6F5DAA9480E153D77057F0809DEE57306626C59BBE38EAAE9B9","C:\Users\User\cloudsen12_pure_c\qat\deployment\v9\approved_pure_c\fixed_point\conv_052_decoder.blocks.0.conv1.0_multipliers.bin"
"SHA256","09B8538C4720DA700BE1C534F30882D98E34C5062D42C29DC66C7B735C5758F7","C:\Users\User\cloudsen12_pure_c\qat\deployment\v9\approved_pure_c\fixed_point\conv_052_decoder.blocks.0.conv1.0_shifts.bin"
"SHA256","4B3AF10CFB6DBC8BD3446935BB918C1276E9D0EAB1118589C6201738D2ECBA9C","C:\Users\User\cloudsen12_pure_c\qat\deployment\v9\approved_pure_c\fixed_point\conv_053_decoder.blocks.0.conv2.0_multipliers.bin"
"SHA256","74691820DF92960254F176DE22DE71FCA0E5D1DC8E3FE38D092660C9A3E72ACD","C:\Users\User\cloudsen12_pure_c\qat\deployment\v9\approved_pure_c\fixed_point\conv_053_decoder.blocks.0.conv2.0_shifts.bin"
"SHA256","FFA52994F374777318B152D58CDACB7DE722ED5171A73A6464CE6DC6950806B8","C:\Users\User\cloudsen12_pure_c\qat\deployment\v9\approved_pure_c\fixed_point\conv_054_decoder.blocks.1.conv1.0_multipliers.bin"
"SHA256","9DAE565A022FCB2450C7821CEAC3140714B8906E2E7657C8445CC9963A7463CF","C:\Users\User\cloudsen12_pure_c\qat\deployment\v9\approved_pure_c\fixed_point\conv_054_decoder.blocks.1.conv1.0_shifts.bin"
"SHA256","51D4B9B52D81D74C8F0DE760E9D6E8B0AE4E6815CAEA4BDB1C16F9DF5C907406","C:\Users\User\cloudsen12_pure_c\qat\deployment\v9\approved_pure_c\fixed_point\conv_055_decoder.blocks.1.conv2.0_multipliers.bin"
"SHA256","0B70233E35B3CA06CCAA480992B74B51BF4C9AC3C558B525FB1FAB6EC43A9A94","C:\Users\User\cloudsen12_pure_c\qat\deployment\v9\approved_pure_c\fixed_point\conv_055_decoder.blocks.1.conv2.0_shifts.bin"
"SHA256","EE55A6CE6A6B26E07E173EA4D51996213622F9C7E63B091CBA30DF619B4E48A0","C:\Users\User\cloudsen12_pure_c\qat\deployment\v9\approved_pure_c\fixed_point\conv_056_decoder.blocks.2.conv1.0_multipliers.bin"
"SHA256","BCCB1DE743755063158C3072C17D699274C9EC552E7128454780A1C3E429FB6A","C:\Users\User\cloudsen12_pure_c\qat\deployment\v9\approved_pure_c\fixed_point\conv_056_decoder.blocks.2.conv1.0_shifts.bin"
"SHA256","2B891F4DA1557D378332672FA199E36A17735DAA5BF113C1515D97326294CAB7","C:\Users\User\cloudsen12_pure_c\qat\deployment\v9\approved_pure_c\fixed_point\conv_057_decoder.blocks.2.conv2.0_multipliers.bin"
"SHA256","A742F32564C757A8997E65FBC8FDAECFF05E0664FAF39D8C6F44CFD8A4CC1DE3","C:\Users\User\cloudsen12_pure_c\qat\deployment\v9\approved_pure_c\fixed_point\conv_057_decoder.blocks.2.conv2.0_shifts.bin"
"SHA256","DFAB99E161CEB7428D91C10A53745C5548679478B197271714B5F177AC5670D8","C:\Users\User\cloudsen12_pure_c\qat\deployment\v9\approved_pure_c\fixed_point\conv_058_decoder.blocks.3.conv1.0_multipliers.bin"
"SHA256","7135C5E6578DBDC2B5FD7ABEADCDF66A1A90973E9850BD87B8F49FA29414FC48","C:\Users\User\cloudsen12_pure_c\qat\deployment\v9\approved_pure_c\fixed_point\conv_058_decoder.blocks.3.conv1.0_shifts.bin"
"SHA256","255E88CCB1BD9F8E6B19003323206CED9EFEFBDFC4324A82E84B171B9E32F1FD","C:\Users\User\cloudsen12_pure_c\qat\deployment\v9\approved_pure_c\fixed_point\conv_059_decoder.blocks.3.conv2.0_multipliers.bin"
"SHA256","DABC52E46C639F3C9CE62BAAE2E5079BE67B30656D787AAC8DDF306A429743B8","C:\Users\User\cloudsen12_pure_c\qat\deployment\v9\approved_pure_c\fixed_point\conv_059_decoder.blocks.3.conv2.0_shifts.bin"
"SHA256","E059160437F8694D7E65878E4063F3298CF5D7C4EFDE5F3756FC8F63868EF017","C:\Users\User\cloudsen12_pure_c\qat\deployment\v9\approved_pure_c\fixed_point\conv_060_decoder.blocks.4.conv1.0_multipliers.bin"
"SHA256","BF29AF5AF85E692532554737A068A6DC3E5EF4B5309E925020E459AAE0843FC9","C:\Users\User\cloudsen12_pure_c\qat\deployment\v9\approved_pure_c\fixed_point\conv_060_decoder.blocks.4.conv1.0_shifts.bin"
"SHA256","4BA82DE5ECCA136B75CF0FF4D7DB65E798DF348478993251329E5C74E93A1891","C:\Users\User\cloudsen12_pure_c\qat\deployment\v9\approved_pure_c\fixed_point\conv_061_decoder.blocks.4.conv2.0_multipliers.bin"
"SHA256","634D012F58F5F4237DFAEDBC89395C16E084DCBB7157A677EC2762D726C74473","C:\Users\User\cloudsen12_pure_c\qat\deployment\v9\approved_pure_c\fixed_point\conv_061_decoder.blocks.4.conv2.0_shifts.bin"
"SHA256","35B203BC69F571F6461DD067D14782E0ACC57113170C9F9B424995EC94C7FBD1","C:\Users\User\cloudsen12_pure_c\qat\deployment\v9\approved_pure_c\fixed_point\conv_062_segmentation_head.0_multipliers.bin"
"SHA256","3E0CB657543B96F4F32BD669C95B742A1958CD1D45003588A180E8140B4BA8E9","C:\Users\User\cloudsen12_pure_c\qat\deployment\v9\approved_pure_c\fixed_point\conv_062_segmentation_head.0_shifts.bin"
"SHA256","D0772AFD5E4EBBB6CE578799EA8B642CD167846583C1F718AEEC3391F59CF944","C:\Users\User\cloudsen12_pure_c\qat\deployment\v9\approved_pure_c\weights_int8\conv_000_encoder.features.0.0.bin"
"SHA256","F1351F5ECDEE8B055F3C21776F4D0E544426AE3AE95678010F3607482AFA2CA8","C:\Users\User\cloudsen12_pure_c\qat\deployment\v9\approved_pure_c\weights_int8\conv_001_encoder.features.1.conv.0.0.bin"
"SHA256","5E1560CB85AAE80FE24D214693B17F3F5D9E5557135F0E2CEFC9999D05BEE374","C:\Users\User\cloudsen12_pure_c\qat\deployment\v9\approved_pure_c\weights_int8\conv_002_encoder.features.1.conv.1.bin"
"SHA256","41D825B90FC252558F6C4063C177A9A6683AD09E4D1C4D0A89E0BF76064921D7","C:\Users\User\cloudsen12_pure_c\qat\deployment\v9\approved_pure_c\weights_int8\conv_003_encoder.features.2.conv.0.0.bin"
"SHA256","F27F82E0AD155DF9B7974F40FBF5707023AB3A3DB21B0DEB6A67B13ED7AE8593","C:\Users\User\cloudsen12_pure_c\qat\deployment\v9\approved_pure_c\weights_int8\conv_004_encoder.features.2.conv.1.0.bin"
"SHA256","A14E2652E3DA8050EC5754D1AEDD4D26F28A05763572238FDF6377EE31F90819","C:\Users\User\cloudsen12_pure_c\qat\deployment\v9\approved_pure_c\weights_int8\conv_005_encoder.features.2.conv.2.bin"
"SHA256","E39219F2EDF979B39A5E951C541B048F41B584E5C897B697A0E44D9B14196B07","C:\Users\User\cloudsen12_pure_c\qat\deployment\v9\approved_pure_c\weights_int8\conv_006_encoder.features.3.conv.0.0.bin"
"SHA256","F0750249E873503EF1144CACA59082DF7301FE72B944A62D9881AA67D05AF71E","C:\Users\User\cloudsen12_pure_c\qat\deployment\v9\approved_pure_c\weights_int8\conv_007_encoder.features.3.conv.1.0.bin"
"SHA256","A84CBC5A080603C3D485758C4ACDC85F796C6DE74EA78A9772D6DBAE7FE1C24A","C:\Users\User\cloudsen12_pure_c\qat\deployment\v9\approved_pure_c\weights_int8\conv_008_encoder.features.3.conv.2.bin"
"SHA256","0322F1831436FC2CBA01B5CF16A3E28676FC11CEFA57E3C862101AD54DF363EF","C:\Users\User\cloudsen12_pure_c\qat\deployment\v9\approved_pure_c\weights_int8\conv_009_encoder.features.4.conv.0.0.bin"
"SHA256","9D5442F353B468B21CF0FE0D7D57CC34C23DBA2C8A51F27AEE46009B6DAF4A18","C:\Users\User\cloudsen12_pure_c\qat\deployment\v9\approved_pure_c\weights_int8\conv_010_encoder.features.4.conv.1.0.bin"
"SHA256","49188EDA4DEAB8B93B7ACEB3BFFBB1532D6FF2730A974FB489A6447DE0926587","C:\Users\User\cloudsen12_pure_c\qat\deployment\v9\approved_pure_c\weights_int8\conv_011_encoder.features.4.conv.2.bin"
"SHA256","7945064449E99D547288F306BEC306E51989FA30FE0F055B581FDB41DAC97A52","C:\Users\User\cloudsen12_pure_c\qat\deployment\v9\approved_pure_c\weights_int8\conv_012_encoder.features.5.conv.0.0.bin"
"SHA256","9F9E38A45D6B83E4E50966EC4D6920DBCF9AAC8EC62CCE22459282CF7E9E4363","C:\Users\User\cloudsen12_pure_c\qat\deployment\v9\approved_pure_c\weights_int8\conv_013_encoder.features.5.conv.1.0.bin"
"SHA256","E782F151CBE3015115DEAEA6776D31B14559C1990EC896F3135F7CC285BFB7C1","C:\Users\User\cloudsen12_pure_c\qat\deployment\v9\approved_pure_c\weights_int8\conv_014_encoder.features.5.conv.2.bin"
"SHA256","31AA589B8AEFF1BE41D4D3554C580499C25FD5F2CFDAD8A047F74F71D0B479B0","C:\Users\User\cloudsen12_pure_c\qat\deployment\v9\approved_pure_c\weights_int8\conv_015_encoder.features.6.conv.0.0.bin"
"SHA256","5420F8B7D03EEA945038143F76C201352290761DCC9E3E72429CCF415A56F2D7","C:\Users\User\cloudsen12_pure_c\qat\deployment\v9\approved_pure_c\weights_int8\conv_016_encoder.features.6.conv.1.0.bin"
"SHA256","562F071C47A1D9C2F2B656DFB3914C04828384A976AA7EE32C6E618AD91BB9C4","C:\Users\User\cloudsen12_pure_c\qat\deployment\v9\approved_pure_c\weights_int8\conv_017_encoder.features.6.conv.2.bin"
"SHA256","C4EBD51818270FABF860E63D283CFB0AEBABEF11ECD82C52C4FE7351661B837D","C:\Users\User\cloudsen12_pure_c\qat\deployment\v9\approved_pure_c\weights_int8\conv_018_encoder.features.7.conv.0.0.bin"
"SHA256","2B388DA10574D6100A608D0F7EEE9D1B984189571F735CBC23FB9820D05CEF54","C:\Users\User\cloudsen12_pure_c\qat\deployment\v9\approved_pure_c\weights_int8\conv_019_encoder.features.7.conv.1.0.bin"
"SHA256","8C696E3475376A97C58877B03769F0DC5D455647E59A696F8DA6115DF546D720","C:\Users\User\cloudsen12_pure_c\qat\deployment\v9\approved_pure_c\weights_int8\conv_020_encoder.features.7.conv.2.bin"
"SHA256","38B1D00BB59F591CD6459E86ABE32F5448F529FCBDC7A914912D3CA25A8528AE","C:\Users\User\cloudsen12_pure_c\qat\deployment\v9\approved_pure_c\weights_int8\conv_021_encoder.features.8.conv.0.0.bin"
"SHA256","55E66A02051121D1BB3F2E8A041B5CAA4AB94B57E367372B270556D3E7557348","C:\Users\User\cloudsen12_pure_c\qat\deployment\v9\approved_pure_c\weights_int8\conv_022_encoder.features.8.conv.1.0.bin"
"SHA256","A0A8598094B02C9B4FD1F4AC8659B7ABD73101A761C9DD5722E952520D452AF2","C:\Users\User\cloudsen12_pure_c\qat\deployment\v9\approved_pure_c\weights_int8\conv_023_encoder.features.8.conv.2.bin"
"SHA256","07CA20D7254C444104BA5727A78320A2F675D65B7A0FB60B278E8018957EBC8D","C:\Users\User\cloudsen12_pure_c\qat\deployment\v9\approved_pure_c\weights_int8\conv_024_encoder.features.9.conv.0.0.bin"
"SHA256","931D1C49BB317B4CFE1698FE910545F42A742BF1A184316DA7BB05A45F249ECE","C:\Users\User\cloudsen12_pure_c\qat\deployment\v9\approved_pure_c\weights_int8\conv_025_encoder.features.9.conv.1.0.bin"
"SHA256","71CCDA01876ACE21196119CBCB24381D6ACCFE57C4D683DEE1342529A3DE7C3A","C:\Users\User\cloudsen12_pure_c\qat\deployment\v9\approved_pure_c\weights_int8\conv_026_encoder.features.9.conv.2.bin"
"SHA256","F1041F015E6284C7EB0A3886345F3C63061EAA9C96CC2FBF270ED5E6FB20EB18","C:\Users\User\cloudsen12_pure_c\qat\deployment\v9\approved_pure_c\weights_int8\conv_027_encoder.features.10.conv.0.0.bin"
"SHA256","9FE0B485080DB95E0977DEE76896A3C5720C7018923E208CF642CFF3D1AF5247","C:\Users\User\cloudsen12_pure_c\qat\deployment\v9\approved_pure_c\weights_int8\conv_028_encoder.features.10.conv.1.0.bin"
"SHA256","BFE2667E078AAD2E5F0F289DE13AB45620D76891D4C583225D9E5D1591DF6CA8","C:\Users\User\cloudsen12_pure_c\qat\deployment\v9\approved_pure_c\weights_int8\conv_029_encoder.features.10.conv.2.bin"
"SHA256","A580742D9CD298E5DFED84337165ADA2F0ECDD4219D8F74B5783DBD121E02A53","C:\Users\User\cloudsen12_pure_c\qat\deployment\v9\approved_pure_c\weights_int8\conv_030_encoder.features.11.conv.0.0.bin"
"SHA256","537806B9A72E56B0E229E82CA82B6211E70B8396997877F3458C280FB71CBCFB","C:\Users\User\cloudsen12_pure_c\qat\deployment\v9\approved_pure_c\weights_int8\conv_031_encoder.features.11.conv.1.0.bin"
"SHA256","19DD52BC1E8B960617812655143DC04212E75C44DCD1E8AB24BE3600344B43D6","C:\Users\User\cloudsen12_pure_c\qat\deployment\v9\approved_pure_c\weights_int8\conv_032_encoder.features.11.conv.2.bin"
"SHA256","C773D4623CB6AA3DC324C6F856CB8E9BF1114003BF10CDBADA2BAFE73BF532A4","C:\Users\User\cloudsen12_pure_c\qat\deployment\v9\approved_pure_c\weights_int8\conv_033_encoder.features.12.conv.0.0.bin"
"SHA256","25FB6B4A717689DF8B90CAB8CFC921DF25683FFFD92D0A7AD392A7FE5E12172A","C:\Users\User\cloudsen12_pure_c\qat\deployment\v9\approved_pure_c\weights_int8\conv_034_encoder.features.12.conv.1.0.bin"
"SHA256","E055C0048B4C8718F73FA24F964603AF1CEB9F1551371AE3D0C5B28685A1E2E3","C:\Users\User\cloudsen12_pure_c\qat\deployment\v9\approved_pure_c\weights_int8\conv_035_encoder.features.12.conv.2.bin"
"SHA256","8B51756CB0E37E6B60E347261491C9CDB7217706118B571963FCF3E50C4D134C","C:\Users\User\cloudsen12_pure_c\qat\deployment\v9\approved_pure_c\weights_int8\conv_036_encoder.features.13.conv.0.0.bin"
"SHA256","B250864E45F2A1E7ABAAEBB3952CA4DA3AE41B16B59D3E49489CF4586364D520","C:\Users\User\cloudsen12_pure_c\qat\deployment\v9\approved_pure_c\weights_int8\conv_037_encoder.features.13.conv.1.0.bin"
"SHA256","240FFBCF0CF731FB7146995AB38FD8DDE45D3C044A58F0EA324A32A5C273F525","C:\Users\User\cloudsen12_pure_c\qat\deployment\v9\approved_pure_c\weights_int8\conv_038_encoder.features.13.conv.2.bin"
"SHA256","856F08E83F23812F3C78791B85FC7ED7729AFE57615189267C99211D7A22FAAA","C:\Users\User\cloudsen12_pure_c\qat\deployment\v9\approved_pure_c\weights_int8\conv_039_encoder.features.14.conv.0.0.bin"
"SHA256","3811431C6FD605D33A891DFC97EFE26A4AD131A874896BFE743FF5A5FF9EEE10","C:\Users\User\cloudsen12_pure_c\qat\deployment\v9\approved_pure_c\weights_int8\conv_040_encoder.features.14.conv.1.0.bin"
"SHA256","ED946B93321ED04311F888029ECF3CBB0887BFEEBD94723CBFCC94A2055B6E5D","C:\Users\User\cloudsen12_pure_c\qat\deployment\v9\approved_pure_c\weights_int8\conv_041_encoder.features.14.conv.2.bin"
"SHA256","7368564385F326FEE2FE03C19AEC7BADBE5649A701B9F8B926940FCF547CDC1A","C:\Users\User\cloudsen12_pure_c\qat\deployment\v9\approved_pure_c\weights_int8\conv_042_encoder.features.15.conv.0.0.bin"
"SHA256","704134E59E74F29FF0DDD1C68638CC77E8B58D2CD24151017B8440B800FAF351","C:\Users\User\cloudsen12_pure_c\qat\deployment\v9\approved_pure_c\weights_int8\conv_043_encoder.features.15.conv.1.0.bin"
"SHA256","1B124BBC93A85290BBCEC805F960DA8FBE5101AF699DFCEE64E313A099587E2B","C:\Users\User\cloudsen12_pure_c\qat\deployment\v9\approved_pure_c\weights_int8\conv_044_encoder.features.15.conv.2.bin"
"SHA256","3B06B2FE958DCD006B79A7AAF1FF4358BF6A506BAF3BEFD1B2D6F820E841717B","C:\Users\User\cloudsen12_pure_c\qat\deployment\v9\approved_pure_c\weights_int8\conv_045_encoder.features.16.conv.0.0.bin"
"SHA256","C9F79057D9186C00F08971F908913E1940B6333CE1424604AB1495E5EFB97084","C:\Users\User\cloudsen12_pure_c\qat\deployment\v9\approved_pure_c\weights_int8\conv_046_encoder.features.16.conv.1.0.bin"
"SHA256","C4430650BC1F044588F38362BDBA75E66ACF4D9AC95E62FFE273147F2BE2A15D","C:\Users\User\cloudsen12_pure_c\qat\deployment\v9\approved_pure_c\weights_int8\conv_047_encoder.features.16.conv.2.bin"
"SHA256","05B91B2724CFB2746A611A88140C69CE76DBA3121556E4B9D04364C1A727B856","C:\Users\User\cloudsen12_pure_c\qat\deployment\v9\approved_pure_c\weights_int8\conv_048_encoder.features.17.conv.0.0.bin"
"SHA256","815D94953702624BE2D124F4EDBD4E6DAC8AFA147925E785ED573C28EA05D99B","C:\Users\User\cloudsen12_pure_c\qat\deployment\v9\approved_pure_c\weights_int8\conv_049_encoder.features.17.conv.1.0.bin"
"SHA256","03A85D29381B0228239B249F9B9EF21E2A9E14DFECD5A0E5A1EDDA443D35A647","C:\Users\User\cloudsen12_pure_c\qat\deployment\v9\approved_pure_c\weights_int8\conv_050_encoder.features.17.conv.2.bin"
"SHA256","857D2B93D5421ED69D13CA2D8B25465B012CD4A539DFDB442066EB9FA5970E81","C:\Users\User\cloudsen12_pure_c\qat\deployment\v9\approved_pure_c\weights_int8\conv_051_encoder.features.18.0.bin"
"SHA256","6519FEC32581ED37FAC01640B7F96AA630CF0407085CCCDBACC5FF54B820F761","C:\Users\User\cloudsen12_pure_c\qat\deployment\v9\approved_pure_c\weights_int8\conv_052_decoder.blocks.0.conv1.0.bin"
"SHA256","5A8F42682E56D2E53833697DD2A41BB0A2572F485C440091D0EF22CAA9CD71A1","C:\Users\User\cloudsen12_pure_c\qat\deployment\v9\approved_pure_c\weights_int8\conv_053_decoder.blocks.0.conv2.0.bin"
"SHA256","D33C4531A90321FC1CF80A2FE925671BC82C612F147A9E3DB7495B6F6CB26503","C:\Users\User\cloudsen12_pure_c\qat\deployment\v9\approved_pure_c\weights_int8\conv_054_decoder.blocks.1.conv1.0.bin"
"SHA256","A9201B1F959A34C33BDFD35DF4A2C0293BA71ACADB84A1C730368D54D6093B28","C:\Users\User\cloudsen12_pure_c\qat\deployment\v9\approved_pure_c\weights_int8\conv_055_decoder.blocks.1.conv2.0.bin"
"SHA256","FF8235A0D57314A2BEBD5F152240EB726315BC2E5240A6A454529443F195761D","C:\Users\User\cloudsen12_pure_c\qat\deployment\v9\approved_pure_c\weights_int8\conv_056_decoder.blocks.2.conv1.0.bin"
"SHA256","AC947303A5306ABDA18BBCAEF00B08B0014F96C4DF8DB76119A1A2337B8FFC2C","C:\Users\User\cloudsen12_pure_c\qat\deployment\v9\approved_pure_c\weights_int8\conv_057_decoder.blocks.2.conv2.0.bin"
"SHA256","B7AADBA21248322F71740C6E00C1D1C1F61DCD5413F67262DD86E1C034AE32A5","C:\Users\User\cloudsen12_pure_c\qat\deployment\v9\approved_pure_c\weights_int8\conv_058_decoder.blocks.3.conv1.0.bin"
"SHA256","3856CE9147221F5303BD1A6C4D017F62C7368A0DE6E18B779AE409CDD13C3498","C:\Users\User\cloudsen12_pure_c\qat\deployment\v9\approved_pure_c\weights_int8\conv_059_decoder.blocks.3.conv2.0.bin"
"SHA256","BF38C3BCA6B3C812A3BF31F8A0D7B9B6DBC5C86E4DBC776A19314FC7A757172A","C:\Users\User\cloudsen12_pure_c\qat\deployment\v9\approved_pure_c\weights_int8\conv_060_decoder.blocks.4.conv1.0.bin"
"SHA256","4ED632EA972D24739827835ABCE215671ECF3C6923CFBB3B849AE3CFFF8E3DB5","C:\Users\User\cloudsen12_pure_c\qat\deployment\v9\approved_pure_c\weights_int8\conv_061_decoder.blocks.4.conv2.0.bin"
"SHA256","E30C188E3BACFDE4A7636A1AC4459E2CD8ACCE52D9F5AE81885149FF2D391AE3","C:\Users\User\cloudsen12_pure_c\qat\deployment\v9\approved_pure_c\weights_int8\conv_062_segmentation_head.0.bin"
